name,datetime,tempmax,tempmin,temp,feelslikemax,feelslikemin,feelslike,dew,humidity,precip,precipprob,precipcover,preciptype,snow,snowdepth,windgust,windspeed,winddir,sealevelpressure,cloudcover,visibility,solarradiation,solarenergy,uvindex,severerisk,sunrise,sunset,moonphase,conditions,description,icon,stations
"Manila, National Capital Region, Philippines",2026-09-17,87.7,72,78.2,99.6,72,81.1,73.9,87.1,1.416,100,70.83,rain,0,0,13,16,253.3,1010.4,85.8,6.8,121,10.2,7,30,2026-09-17T05:44:51,2026-09-17T17:56:29,0.19,"Rain, Partially cloudy",Partly cloudy throughout the day with rain.,rain,"RPLB,C6CX3,RPLC,RPLL,E0758"
"Manila, National Capital Region, Philippines",2026-09-18,89.5,71.7,79.9,102.2,71.7,84.2,75.6,87.6,0.314,100,58.33,rain,0,0,13.2,22.7,57.6,1011.2,70.5,6.6,93.3,8.2,7,30,2026-09-18T05:44:54,2026-09-18T17:55:43,0.23,"Rain, Partially cloudy",Partly cloudy throughout the day with a chance of rain throughout the day.,rain,"RPLB,C6CX3,RPLC,RPLL,E0758"
"Manila, National Capital Region, Philippines",2026-09-19,93,74.1,80.3,102.6,74.1,85.1,74.4,83.4,0.414,100,29.17,rain,0,0,12.5,19.8,137.6,1012.3,63.6,6.4,133.5,11.7,7,30,2026-09-19T05:44:57,2026-09-19T17:54:58,0.25,"Rain, Partially cloudy",Becoming cloudy in the afternoon with rain.,rain,"RPLB,C6CX3,RPLC,RPLL,F0027,E0758"
"Manila, National Capital Region, Philippines",2026-09-20,87.7,73.7,80,102,73.7,84.9,73.2,80.5,0.044,0,8.33,rain,0,0,23,20.7,246.5,1013.1,50.9,6.8,197.1,16.8,7,30,2026-09-20T05:45:00,2026-09-20T17:54:12,0.29,Partially cloudy,Partly cloudy throughout the day.,partly-cloudy-day,"C6CX3,RPLB,RPLC,RPLL,E0758"
"Manila, National Capital Region, Philippines",2026-09-21,89.5,74.5,82.1,107.5,74.5,90.1,75.8,81.6,0.282,100,45.83,rain,0,0,27.7,17.8,262.6,1011.1,60.4,6.5,182.3,15.6,7,30,2026-09-21T05:45:03,2026-09-21T17:53:26,0.32,"Rain, Partially cloudy",Partly cloudy throughout the day with rain.,rain,"C6CX3,RPLB,RPLC,RPLL,E0758"
"Manila, National Capital Region, Philippines",2026-09-22,89.5,57.3,78.8,107.7,57.3,82.3,73.2,83.5,1.23,100,58.33,rain,0,0,14.1,18.7,251.9,1012.1,68.4,6.8,157.7,13.7,6,30,2026-09-22T05:45:06,2026-09-22T17:52:41,0.35,"Rain, Partially cloudy",Partly cloudy throughout the day with rain.,rain,"RPLB,C6CX3,RPLC,RPLL,E0758"
"Manila, National Capital Region, Philippines",2026-09-23,87.7,73.6,79.1,102,73.6,82.2,70.4,75.2,0.411,100,16.67,rain,0,0,24.2,13.4,237.5,1012.1,65,7,126.9,11,7,30,2026-09-23T05:45:09,2026-09-23T17:51:55,0.39,"Rain, Partially cloudy",Partly cloudy throughout the day with rain.,rain,"C6CX3,RPLB,RPLC,RPLL,E0758"
"Manila, National Capital Region, Philippines",2026-09-24,89.5,70.1,82.5,104.8,70.1,91.4,75.6,79.8,0.182,100,20.83,rain,0,0,11.4,18.6,327.7,1011.8,52.4,5.9,109.5,9.6,5,30,2026-09-24T05:45:13,2026-09-24T17:51:10,0.42,"Rain, Partially cloudy",Partly cloudy throughout the day with rain.,rain,"RPLB,C6CX3,RPLC,RPLL,F0027,E0758"
"Manila, National Capital Region, Philippines",2026-09-25,93,78.6,85.1,107.2,78.6,93.6,75.8,75,0.15,100,16.67,rain,0,0,11.6,12.5,56.9,1011.5,44.6,5.9,176.4,15.2,9,30,2026-09-25T05:45:16,2026-09-25T17:50:25,0.45,"Rain, Partially cloudy",Becoming cloudy in the afternoon with rain.,rain,"RPLB,RPLC,RPLL,F0027,E0758"
"Manila, National Capital Region, Philippines",2026-09-26,89.5,73.8,84.5,104.7,73.8,95.5,77.9,81.1,0.012,0,0,rain,0,0,14.8,11.3,258.1,1011.2,39.1,5.9,166.9,14.2,7,30,2026-09-26T05:45:20,2026-09-26T17:49:39,0.48,Partially cloudy,Partly cloudy throughout the day.,partly-cloudy-day,"RPLB,C6CX3,RPLC,RPLL,E0758"
"Manila, National Capital Region, Philippines",2026-09-27,91.3,75,84.7,107.4,75,94.6,76.5,77.2,0.04,100,4.17,rain,0,0,10.1,12.1,275.1,1010.3,42.9,5.5,149.8,12.9,7,30,2026-09-27T05:45:23,2026-09-27T17:48:55,0.5,"Rain, Partially cloudy",Partly cloudy throughout the day with morning rain.,rain,"RPLB,C6CX3,RPLC,RPLL,E0758"
"Manila, National Capital Region, Philippines",2026-09-28,89.5,74.1,83.4,107.7,74.1,92.4,74.8,75.8,0.147,100,29.17,rain,0,0,26.4,17.6,278.1,1011.4,46.8,6.1,146.2,12.9,7,30,2026-09-28T05:45:27,2026-09-28T17:48:10,0.55,"Rain, Partially cloudy",Partly cloudy throughout the day with rain clearing later.,rain,"RPLB,C6CX3,RPLC,RPLL,E0758"
"Manila, National Capital Region, Philippines",2026-09-29,91.3,74,81.7,110.4,74,88.6,74.3,78.7,0.186,100,37.5,rain,0,0,6.9,13.2,292.3,1012.4,41,6,154.4,13.3,6,30,2026-09-29T05:45:31,2026-09-29T17:47:25,0.59,"Rain, Partially cloudy",Partly cloudy throughout the day with rain.,rain,"C6CX3,RPLB,RPLC,RPLL,E0758"
"Manila, National Capital Region, Philippines",2026-09-30,91.3,76.1,85.7,107.5,76.1,96,76.5,74.9,0.222,100,41.67,rain,0,0,8.5,11.3,337.1,1012,31.6,5.6,127.5,11,7,30,2026-09-30T05:45:36,2026-09-30T17:46:41,0.62,"Rain, Partially cloudy",Partly cloudy throughout the day with rain.,rain,"RPLB,C6CX3,RPLC,RPLL,F0027,E0758"
"Manila, National Capital Region, Philippines",2026-10-01,89.5,76.6,83.7,104.9,76.6,93.1,76.2,78.4,0.245,100,50,rain,0,0,18.3,9.1,350.4,1012.6,55.6,6.3,120.5,10.5,9,30,2026-10-01T05:45:40,2026-10-01T17:45:57,0.66,"Rain, Partially cloudy",Partly cloudy throughout the day with rain.,rain,"RPLB,C6CX3,RPLC,RPLL,F0027"
"Manila, National Capital Region, Philippines",2026-10-02,93,80.4,85.2,104.7,86.7,95.1,76.5,76,0.435,100,70.83,rain,0,0,20.8,9.1,293.8,1012.1,57.8,5.8,135.7,11.7,7,60,2026-10-02T05:45:45,2026-10-02T17:45:14,0.7,"Rain, Partially cloudy",Partly cloudy throughout the day with a chance of rain throughout the day.,rain,"RPLB,RPLC,RPLL,F0027"
