Line,Station,Latitude,Longitude,POP_1_KM,POP_2_KM,POP_3_KM,POP_4_KM,POP_5_KM
1,Balintawak,14.65751963,121.0038865,120262.0,462381.0,901940.0,1516021.0,2477816.0
1,Roosevelt,14.65759742,121.0211005,78164.0,346152.0,775236.0,1360072.0,2020058.0
1,Monumento,14.65409055,120.9839806,116499.0,547633.0,1186760.0,1931301.0,2806358.0
1,5th Avenue,14.64444834,120.9836074,118574.0,536575.0,1306974.0,2030878.0,2935805.0
1,R. Papa,14.63613357,120.9822663,94040.0,561819.0,1377856.0,2180372.0,2951768.0
1,Abad Santos,14.63061097,120.9814402,92403.0,603133.0,1385519.0,2252833.0,2816237.0
1,Blumentritt,14.62255521,120.9834894,128954.0,507643.0,1295715.0,2011236.0,2789601.0
1,Tayuman,14.61641976,120.982792,135089.0,542865.0,1269556.0,1974702.0,2646938.0
1,Bambang,14.61109393,120.9824272,99576.0,524328.0,1219107.0,1852633.0,2634923.0
1,Doroteo Jose,14.60542535,120.9819337,128802.0,426847.0,1186057.0,1831478.0,2457112.0
1,Carriedo,14.59897453,120.9813071,98174.0,326552.0,1076210.0,1635192.0,2259238.0
1,Central,14.59273417,120.9816181,44112.0,277841.0,995863.0,1545062.0,2128391.0
1,United Nations Avenue,14.58253975,120.9846163,29997.0,241420.0,649633.0,1309275.0,1981480.0
1,Pedro Gil,14.5765363,120.9880486,91074.0,332412.0,598707.0,1083658.0,1964976.0
1,Quirino,14.57030612,120.9915676,84650.0,384850.0,615830.0,1075954.0,1801719.0
1,Vito Cruz,14.56336963,120.9948506,79245.0,299785.0,648476.0,976553.0,1560921.0
1,Gil Puyat,14.55422103,120.9971466,115109.0,332702.0,635675.0,902339.0,1261926.0
1,Libertad,14.54774686,120.9986082,130357.0,316801.0,546819.0,809094.0,1184366.0
1,EDSA,14.53871906,121.0006911,145045.0,306678.0,468707.0,730816.0,1088143.0
1,Baclaran,14.5342297,120.9983371,107361.0,259241.0,455178.0,609652.0,946184.0
2,Recto,14.60347399,120.9835369,75953.0,439826.0,1160140.0,1860964.0,2485197.0
2,Legarda,14.60086803,120.9925706,108100.0,423824.0,924395.0,1850952.0,2505008.0
2,Pureza,14.60167785,121.0052382,134266.0,507476.0,1027510.0,1670972.0,2606838.0
2,V. Mapa,14.60412987,121.0172476,82278.0,448135.0,959778.0,1595363.0,2320042.0
2,J. Ruiz,14.6105828,121.026192,83919.0,283366.0,857959.0,1371880.0,2196847.0
2,Gilmore,14.61351922,121.0342108,43714.0,234302.0,721877.0,1260294.0,2033385.0
2,Betty Go-Belmonte,14.6185034,121.0427774,68797.0,233644.0,540870.0,1099789.0,1833800.0
2,Araneta Center-Cubao,14.62272403,121.0527362,98736.0,295085.0,554367.0,909777.0,1641788.0
2,Anonas,14.62801235,121.064757,74085.0,302274.0,546527.0,912528.0,1419507.0
2,Katipunan,14.63109615,121.0725136,47073.0,253944.0,550678.0,929917.0,1338199.0
2,Santolan,14.62210258,121.0859269,47086.0,215123.0,518470.0,895252.0,1405212.0
2,Marikina,14.62047837,121.1005723,23086.0,213107.0,428626.0,865119.0,1425190.0
2,Antipolo,14.62481642,121.1212988,20362.0,131861.0,300263.0,612914.0,1090363.0
3,North Avenue,14.65216315,121.0323422,53704.0,259503.0,658744.0,1218524.0,2014854.0
3,Quezon Avenue,14.64274213,121.038524,45552.0,256501.0,605936.0,1148432.0,1744311.0
3,GMA Kamuning,14.63521847,121.0433489,75451.0,245550.0,551315.0,1095710.0,1714955.0
3,Cubao,14.61948083,121.0511265,79410.0,275959.0,513468.0,933424.0,1713569.0
3,Santolan-Annapolis,14.60731141,121.0564524,30628.0,163247.0,479447.0,1006716.0,1769984.0
3,Ortigas,14.58789427,121.0567283,21390.0,177298.0,603400.0,1251837.0,1961504.0
3,Shaw Boulevard,14.5811713,121.0535978,64252.0,291565.0,670502.0,1167170.0,1885670.0
3,Boni Avenue,14.57376707,121.0481486,97910.0,370469.0,712923.0,1095973.0,1902167.0
3,Guadalupe,14.56674678,121.0454601,113198.0,340424.0,689136.0,1162707.0,1887458.0
3,Buendia,14.55461419,121.0345179,26323.0,159240.0,452723.0,1168132.0,1985860.0
3,Ayala,14.54919455,121.0279691,8569.0,75266.0,464943.0,1026971.0,1869768.0
3,Magallanes,14.54203388,121.0194635,45136.0,207053.0,451284.0,792665.0,1485591.0
3,Taft Avenue,14.537667226318217,121.0021644412319,120103.0,312204.0,494233.0,742478.0,1088070.0
